{
    "users": {
        "1": {
            "name": "example_user1",
            "score": 0
        },
        "2": {
            "name": "example_user2",
            "score": 0
        },
        "3": {
            "name": "example_user3",
            "score": 0
        },
        "4": {
            "name": "example_user4",
            "score": 0
        },
        "5": {
            "name": "example_user5",
            "score": 0
        },
        "699589680408297553": {
            "name": "billyboioioi#5308",
            "job": 1,
            "score": 10330
        },
        "765103623695892521": {
            "name": "Yelfy the Elfy#7009",
            "job": 1,
            "score": 1914
        },
        "748384745116663928": {
            "name": "Erehisu#6536",
            "job": 1,
            "score": 7634
        }
    }
}